1306-05-2,"Tapete de Couro - Bege Claro - 2,0 x 2,5m Quadriculado (10x10)",0,0
1306-28-2,"Tapete de Couro - Champanhe Escuro - 2,0 x 2,5m Quadriculado (10x10)",0,0
1306-04-2,"Tapete de Couro - Bege Malhado - 2,0 x 2,5m Quadriculado (10x10)",0,0
1306-13-2,"Tapete de Couro - Caramelo - 2,0 x 2,5m Quadriculado (10x10)",0,0
1306-27-2,"Tapete de Couro - Marrom com Cinza - 2,0 x 2,5m Quadriculado (10x10)",0,0
1206-03-2,"Tapete de Couro - Champanhe Malhado - 2,0 x 2,5m Quadriculado (7x7)",0,0
1206-20-2,"Tapete de Couro - Exótico - 2,0 x 2,5m Quadriculado (7x7)",0,0
1101-05-2,"Tapete de Couro - Bege Claro - 40 x 60cm Quadriculado (5x5)",0,0
1101-10-2,"Tapete de Couro - Champanhe - 40 x 60cm Quadriculado (5x5)",0,14
1101-07-2,"Tapete de Couro - Marrom Avermelhado Malhado - 40 x 60cm Quadriculado (5x5)",0,18
2054,"Tapete de Couro Médio 2,14 x 1,80m",0,1
3102-1-2,"Tapete de Couro - Mandala - 1,2m diâmetro",0,0
1101-01-2,"Tapete de Couro - Preto e Branco - 40 x 60cm Quadriculado (5x5)",0,0
5030,"Capa para Banco/Mocho de Pele de Ovelha Branca/Off Whithe",0,12
5031,"Capa para Banco/Mocho de Pele de Ovelha Chamuscado",0,5
5032,"Capa para Banco/Mocho de Pele de Ovelha Preta",0,9
5040,"Capa para Banco/Mocho de Pele de Ovelha Branca/Off White",0,4
5041,"Capa para Banco/Mocho de Pele de Ovelha Chamuscado",0,5
1303-16-2,"Tapete de Couro – Preto e Branco – 1,0 x 1,5 m Quadriculado (10×10)",0,1
1303-34-2,"Tapete de Couro - Mix de Marrom com Bege - 1,0 x 1,5 m Quadriculado 10×10)",0,0
1303-20-2,"Tapete de Couro – Exótico Médio – 1,0 x 1,5 m Quadriculado (10×10)",0,0
1102-15-2,"Tapete de Couro - Cinza Claro - 0,50 x 1,0m Quadriculado (5x5)",0,0
1104-05-2,"Tapete de Couro - Bege Claro - 1,50 x 2,0 Quadriculado (5x5)",0,0
1104-13-2,"Tapete de Couro – Caramelo – 1,5 x 2,0 Quadriculado (5×5)",0,2
1104-10-2,"Tapete de Couro - Champanhe - 1,50 x 2,0 m Quadriculado (5x5)",0,0
1104-15-2,"Tapete de Couro – Cinza – 1,5 x 2,0 Quadriculado (5×5)",0,1
1104-08-2,"Tapete de Couro - Marrom Avermelhado Malhado - 1,50 x 2,0 Quadriculado (5x5)",0,0
1104-06-2,"Tapete de Couro – Preto e Branco Malhado – 1,5 x 2,0 m Quadriculado (5×5)",0,2
1204-14-2,"Tapete de Couro - Bege - 1,50 x 2,0 m Quadriculado (7x7)",0,1
1204-28-2,"Tapete de Couro – Champanhe Escuro – 1,5 x 2,0 Quadriculado (7×7)",0,0
1304-08-2,"Tapete de Couro - Marrom Avermelhado Malhado - 1,50 x 2,0 m Quadriculado (10x10)",0,1
1304-06-2,"Tapete de Couro - Preto e Branco Malhado - 1,50 x 2,0 Quadriculado (10x10)",0,3
1102-14-2,"Tapete de Couro - Bege Médio - 0,50 x 1,0 Quadriculado (5x5)",0,0
1102-10-2,"Tapete de Couro - Champanhe - 0,50 x 1,0 Quadriculado (5x5)",0,0
1102-22-2,"Tapete de Couro - Cinza com Bege - 0,50 x 1,0 Quadriculado (5x5)",0,0
1102-07-2,"Tapete de Couro - Marrom Avermelhado Malhado - 0,50 x 1,0m Quadriculado (5x5)",0,5
2072,"Tapete de Couro Médio 2,08 x 1,90 m",0,1
4201-11,"Banqueta Barril G - Couro Legítimo",0,1
1102-01-2,"Tapete de Couro - Preto e Branco - 0,50 x 1,0m Quadriculado (5x5)",0,10
1102-06-2,"Tapete de Couro - Preto e Branco Malhado - 0,50 x 1,0 Quadriculado (5x5)",0,0
1101-15-2,"Tapete de Couro - Cinza Claro - 40 x 60cm Quadriculado (5x5)",0,0
1101-21-2,"Tapete de Couro - Cinza Escuro - 40 x 60cm Quadriculado (5x5)",0,0
1101-02-2,"Tapete de Couro - Exótico Claro - 40 x 60cm Quadriculado (5x5)",0,1
1101-14-2,"Tapete de Couro - Bege - 40 x 60cm Quadriculado (5x5)",0,11
1104-26-2,"Tapete de Couro - Cinza com Caramelo - 1,50 x 2,0 Quadriculado (5x5)",0,0
1205-14-2,"Tapete de Couro - Bege - 2,0 x 2,0 Quadriculado (7x7)",0,0
1307-08-2,"Tapete de Couro - Marrom Avermelhado Malhado - 2,0 x 3,0 Quadriculado (10x10)",0,0
1205-08-2,"Tapete de Couro - Marrom Avermelhado Malhado - 2,0 x 2,0 Quadriculado (7x7)",0,0
1105-10-2,"Tapete de Couro - Champanhe - 2,0 x 2,0 Quadriculado (5x5)",0,1
1307-14-2,"Tapete de Couro - Bege - 2,0 x 3,0 Quadriculado (10x10)",0,0
1206-12-2,"Tapete de Couro - Branco - 2,0 x 2,5m Quadriculado (7x7)",0,0
1206-27-2,"Tapete de Couro - Marrom com Cinza - 2,0 x 2,5m Quadriculado (7x7)",0,0
4208-creme,"Banqueta Giratória Áustria - Couro Legítimo - Creme",0,0
1306-25-2,"Tapete de Couro - Tricolor - 2,0 x 2,5m Quadriculado (10x10)",0,0
1306-07-2,"Tapete de Couro - Malhado Vermelho - 2,0 x 2,5m Quadriculado (10x10)",0,0
1204-13-2,"Tapete de Couro – Caramelo – 1,5 x 2,0 Quadriculado (7×7)",0,1
1303-13-2,"Tapete de Couro – Caramelo – 1,0 x 1,5 m Quadriculado (10×10)",0,0
1103-15-2,"Tapete de Couro – Cinza Claro – 1,0 x 1,5 m Quadriculado (5×5)",0,0
1103-11-2,"Tapete de Couro – Exótico Escuro – 1,0 x 1,5 m Quadriculado (5×5)",0,1
1102-08-2,"Tapete de Couro - Marrom Avermelhado Malhado - 0,50 x 1,0m Quadriculado (5x5)",0,0
5021,"Almofada Pele de Ovelha Branca/Off Whithe",0,3
5023,"Almofada Pele de Ovelha Preta",0,2
5022,"Almofada Pele de Ovelha Chamuscada",0,4
1203-18-2,"Tapete de Couro – Preto e Branco – 1,0 x 1,5 m Quadriculado (7×7)",0,0
1104-03-2,"Tapete de Couro – Champanhe Malhado – 1,5 x 2,0 m Quadriculado (5×5)",0,0
1304-15-2,"Tapete de Couro – Cinza Claro – 1,5 x 2,0 Quadriculado (10×10)",0,0
1104-11-2,"Tapete de Couro – Exótico Escuro – 1,5 x 2,0 m Quadriculado (5×5)",0,1
1304-18-2,"Tapete de Couro – Preto e Branco – 1,5 x 2,0 Quadriculado (10×10)",0,0
1304-10-2,"Tapete de Couro – Champanhe – 1,5 x 2,0 Quadriculado (10×10)",0,0
1206-15-2,"Tapete de Couro - Cinza - 2,0 x 2,5m Quadriculado (7x7)",0,0
4204-1,"Banqueta Pés Palito M - Metalizado Colorido - Couro Legítimo",0,0
1104-22-2,"Tapete de Couro – Bege e Cinza – 1,5 x 2,0 m Quadriculado (5×5)",0,0
1104-14-2,"Tapete de Couro – Bege – 1,5 x 2,0 Quadriculado (5×5)",0,1
4202-14,"Banqueta Barril M - Couro Legítimo",0,0
4208-cinza-escuro,"Banqueta Giratória Áustria - Couro Legítimo - Cinza Escuro",0,0
1207-15-2,"Tapete de Couro - Cinza Claro - 2,0 x 3,0 Quadriculado (7x7)",0,0
1307-07-2,"Tapete de Couro - Malhado Vermelho - 2,0 x 3,0 Quadriculado (10x10)",0,0
1307-25-2,"Tapete de Couro - Tricolor - 2,0 x 3,0 Quadriculado (10x10)",0,0
1207-27-2,"Tapete de Couro - Marrom com Cinza - 2,0 x 3,0 Quadriculado (7x7)",0,0
1207-12-2,"Tapete de Couro - Branco - 2,0 x 3,0 Quadriculado (7x7)",0,0
1207-02-2,"Tapete de Couro - Exótico Claro - 2,0 x 3,0 Quadriculado (7x7)",0,0
1207-03-2,"Tapete de Couro - Champanhe Malhado - 2,0 x 3,0 Quadriculado (7x7)",0,0
1307-27-2,"Tapete de Couro - Marrom com Cinza - 2,0 x 3,0 Quadriculado (10x10)",0,0
1307-13-2,"Tapete de Couro - Caramelo - 2,0 x 3,0 Quadriculado (10x10)",0,0
1307-04-2,"Tapete de Couro - Bege Malhado - 2,0 x 3,0 Quadriculado (10x10)",0,0
1307-28-2,"Tapete de Couro - Champanhe Escuro - 2,0 x 3,0 Quadriculado (10x10)",0,0
1307-05-2,"Tapete de Couro - Bege Claro - 2,0 x 3,0 Quadriculado (10x10)",0,0
1201-15-2,"Tapete de Couro - Cinza Claro- 40 x 60cm Quadriculado (5x7)",0,0
1101-12-2,"Tapete de Couro - Branco - 40 x 60cm Quadriculado (5x5)",0,2
1104-01-2,"Tapete de Couro – Preto e Branco – 1,5 x 2,0 m Quadriculado (5×5)",0,1
1104-02-2,"Tapete de Couro – Exótico Claro – 1,5 x 2,0 Quadriculado (5×5)",0,2
6001-1,"Capa de Almofada em Couro Legítimo Metalizado Cobre",0,0
6001-2,"Capa de Almofada em Couro Legítimo Metalizado Dourado",0,0
6001-3,"Capa de Almofada em Couro Legítimo Metalizado Prateado",0,0
1204-08-2,"Tapete de Couro – Marrom Avermelhado Malhado – 1,5 x 2,0 m Quadriculado (7×7)",0,0
1204-18-2,"Tapete de Couro – Preto e Branco – 1,5 x 2,0 m Quadriculado (7×7)",0,1
5060,"Tapete Pele de Ovelha Branco/Off White",0,0
5061,"Tapete Pele de Ovelha Chamuscado",0,3
5063,"Tapete Pele de Ovelha Preto",0,3
1206-05-2,"Tapete de Couro - Bege Claro - 2,0 x 2,5m Quadriculado (7x7)",0,0
1206-14-2,"Tapete de Couro - Bege Médio - 2,0 x 2,5m Quadriculado (7x7)",0,0
1206-08-2,"Tapete de Couro - Marrom Avermelhado Malhado - 2,0 x 2,5 Quadriculado (7x7)",0,0
1206-06-2,"Tapete de Couro - Preto e Branco Malhado - 2,0 x 2,5m Quadriculado (7x7)",0,0
1204-15-2,"Tapete de Couro – Cinza Claro – 1,5 x 2,0 Quadriculado (7×7)",0,0
4208-PRETO,"Banqueta Giratória Áustria - Couro Legítimo - Preto",0,0
1106-12-2,"Tapete de Couro - Branco - 2,0 x 2,5m Quadriculado (5x5)",0,0
1106-15-2,"Tapete de Couro - Cinza Claro - 2,0 x 2,5m Quadriculado (5x5)",0,0
1106-05-2,"Tapete de Couro - Bege Claro - 2,0 x 2,5m Quadriculado (5x5)",0,0
1106-10-2,"Tapete de Couro - Champanhe - 2,0 x 2,5m Quadriculado (5x5)",0,0
1107-15-2,"Tapete de Couro - Cinza Claro - 2,0 x 3,0 Quadriculado (5x5)",0,0
1304-22-2,"Tapete de Couro – Cinza e Bege – 1,5 x 2,0 m Quadriculado (10×10)",0,0
2316,"Tapete de Couro Grande 2,31 x 1,99 m",0,1
1102-17-2,"Tapete de Couro - Off White - 0,50 x 1,0m Quadriculado (5x5)",0,0
7107-05-2,"Tapete de Couro - Passadeira - Bege Claro - 0,60 x 2,0m - Quadriculado (5x5)",0,1
1102-02-2,"Tapete de Couro - Exótico Claro - 0,50 x 1,0m Quadriculado (5x5)",0,6
1203-17-2,"Tapete de Couro – Branco – 1,0 x 1,5 m Quadriculado (7×7)",0,0
1203-15-2,"Tapete de Couro – Cinza – 1,0 x 1,5 m Quadriculado (7×7)",0,1
1203-14-2,"Tapete de Couro – Bege Médio – 1,0 x 1,5 m Quadriculado (7×7)",0,0
4102-3,"Namoradeira - Couro Legítimo",0,0
4208-branco,"Banqueta Giratória Áustria - Couro Legítimo - Branco",0,0
4208-caramelo,"Banqueta Giratória Áustria - Couro Legítimo - Caramelo",0,0
4208-marrom,"Banqueta Giratória Áustria - Couro Legítimo - Marrom",0,0
4204-5,"Banqueta Pés Palito M - Cinza - Couro Legítimo",0,1
5070,"Banqueta Pele de ovelha - Pés Palito M - Branco/Off White",0,2
5080,"Banqueta Pele de ovelha - Pés Palito G - Branco/Off White",0,0
1103-05-2,"Tapete de Couro – Bege Claro – 1,0 x 1,5 m Quadriculado (5×5)",0,2
1103-14-2,"Tapete de Couro – Bege – 1,0 x 1,5 m Quadriculado (5×5)",0,0
1103-10-2,"Tapete de Couro – Champanhe – 1,0 x 1,5 m Quadriculado (5×5)",0,2
1104-12-2,"Tapete de Couro – Branco – 1,5 x 2,0 m Quadriculado (5×5)",0,3
1204-10-2,"Tapete de Couro – Champanhe – 1,5 x 2,0 Quadriculado (7×7)",0,0
1306-17-2,"Tapete de Couro - Off White - 2,0 x 2,5m Quadriculado (10x10)",0,0
1207-08-2,"Tapete de Couro – Marrom Avermelhado Malhado – 2,0 x 3,0 Quadriculado (7×7)",0,0
2050,"Tapete de Couro Médio 2,20 x 1,70 m",0,1
1304-05-2,"Tapete de Couro – Bege Claro  – 1,5 x 2,0 Quadriculado (10×10)",0,0
1304-17-2,"Tapete de Couro – Off White  – 1,5 x 2,0 Quadriculado (10×10)",0,0
7115-08-2,"Tapete de Couro - Passadeira -Marrom Avermelhado Malhado - 0,60 x 3,0m Quadriculado (5x5)",0,0
4220-1,"Banqueta e Mesa Amsterdã - Couro Legítimo",0,0
7307-8,"Tapete em Couro Legítimo Passadeira 0,60 x 2,0 m Quadriculado 10x10",0,0
7301-1,"Tapete em Couro Legítimo Passadeira 0,50 x 1,50 m Quadriculado 10x10",0,1
1103-05-1,"Tapete de Couro – Bege Claro – 1,0 x 1,5 m Quadriculado (5×5)",0,0
1103-13-2,"Tapete de Couro – Caramelo – 1,0 x 1,5 m Quadriculado (5×5)",0,1
1103-11-1,"Tapete de Couro – Exótico – 1,0 x 1,5 m Quadriculado (5×5)",0,0
1103-31-2,"Tapete de Couro – Champanhe e Branco – 1,0 x 1,5 m Quadriculado (5×5)",0,0
1303-19-2,"Tapete de Couro – Marrom – 1,0 x 1,5 m Quadriculado (10×10)",0,1
1303-14-2,"Tapete de Couro – Bege – 1,0 x 1,5 m Quadriculado (10×10)",0,0
1303-14-1,"Tapete de Couro – Bege – 1,0 x 1,5 m Quadriculado (10×10)",0,1
1203-14-1,"Tapete de Couro – Bege – 1,0 x 1,5 m Quadriculado (7×7)",0,1
1203-16-1,"Tapete de Couro – Preto e Branco Salpicado – 1,0 x 1,5 m Quadriculado (7×7)",0,1
3303-1,"Tapete de Couro Geométrico – 1,0 x 1,5 m",0,1
3303-2,"Tapete de Couro Geométrico – 1,0 x 1,5 m",0,1
3303-3,"Tapete de Couro Geométrico – 1,0 x 1,5 m",0,1
3303-4,"Tapete de Couro Geométrico – 1,0 x 1,5 m",0,0
2105,"Tapete de Couro Médio 2,10 x 1,83 m",0,0
2334,"Tapete de Couro Grande 2,28 x 2,00 m",0,1
2335,"Tapete de Couro Grande 2,23 x 1,98 m",0,1
2338,"Tapete de Couro Grande 2,26 x 2,00 m",0,1
7115-10-2,"Tapete de Couro - Passadeira -Champanhe - 0,60 x 3,0 m Quadriculado (5x5)",0,0
7107-08-2,"Tapete de Couro - Passadeira - Marrom Avermelhado Malhado - 0,60 x 2,0 m - Quadriculado (5x5)",0,0
7107-11-2,"Tapete de Couro - Passadeira - Exótico Escuro - 0,60 x 2,0m - Quadriculado (5x5)",0,0
7107-09-2,"Tapete de Couro - Passadeira - Preto - 0,60 x 2,0m - Quadriculado (5x5)",0,0
7102-02-2,"Tapete de Couro - Passadeira - Exótico Claro - 0,60 x 1,50m - Quadriculado (5x5)",0,0
7102-01-2,"Tapete de Couro - Passadeira - Preto e Branco - 0,60 x 1,50 m - Quadriculado (5x5)",0,1
1103-08-2,"Tapete de Couro – Marrom Avermelhado Malhado – 1,0 x 1,5 m Quadriculado (5×5)",0,0
1203-13-2,"Tapete de Couro – Caramelo – 1,0 x 1,5 m Quadriculado (7×7)",0,2
1203-10-2,"Tapete de Couro – Champanhe – 1,0 x 1,5 m Quadriculado (7×7)",0,1
1203-11-2,"Tapete de Couro – Exótico Escuro – 1,0 x 1,5 m Quadriculado (7×7)",0,0
1203-01-2,"Tapete de Couro – Preto e Branco – 1,0 x 1,5 m Quadriculado (7×7)",0,1
1303-01-2,"Tapete de Couro – Preto e Branco – 1,0 x 1,5 m Quadriculado (10×10)",0,1
1303-10-2,"Tapete de Couro – Champanhe – 1,0 x 1,5 m Quadriculado (10×10)",0,1
1303-06-2,"Tapete de Couro – Preto e Branco Malhado – 1,0 x 1,5 m Quadriculado (10×10)",0,1
1104-04-2,"Tapete de Couro – Bege Malhado – 1,5 x 2,0 m Quadriculado (5×5)",0,0
1104-07-2,"Tapete de Couro – Marrom Avermelhado Malhado – 1,5 x 2,0 Quadriculado (5×5)",0,0
1204-06-2,"Tapete de Couro – Preto e Branco Malhado  – 1,5 x 2,0 m Quadriculado (7×7)",0,1
1304-01-2,"Tapete de Couro – Preto e Branco  – 1,5 x 2,0 m Quadriculado (10×10)",0,1
1106-01-2,"Tapete de Couro - Preto e Branco - 2,0 x 2,5m - Quadriculado (5x5)",0,0
1106-35-2,"Tapete de Couro - Mix de Marrom, Branco e Cinza - 2,0 x 2,5m - Quadriculado (5x5)",0,0
1206-10-2,"Tapete de Couro - Champanhe - 2,0 x 2,5m Quadriculado (7x7)",0,0
1206-29-2,"Tapete de Couro - Preto e Branco Malhado - 2,0 x 2,5m Quadriculado (7x7)",0,0
1306-08-2,"Tapete de Couro - Marrom Avermelhado Malhado - 2,0 x 2,5m Quadriculado (10x10)",0,1
1306-10-2,"Tapete de Couro - Champanhe - 2,0 x 2,5m Quadriculado (10x10)",0,1
1107-01-2,"Tapete de Couro - Preto e Branco - 2,0 x 3,0 Quadriculado (5x5)",0,1
1107-10-2,"Tapete de Couro - Champanhe - 2,0 x 3,0 Quadriculado (5x5)",0,0
1307-12-2,"Tapete de Couro - Branco - 2,0 x 3,0 Quadriculado (10x10)",0,0
1107-05-2,"Tapete de Couro - Bege Claro - 2,0 x 3,0 Quadriculado (5x5)",0,0
4204-9,"Banqueta Pés Palito M - Preto e Branco - Couro Legítimo",0,1
4204-10,"Banqueta Pés Palito M - Champanhe - Couro Legítimo",0,0
4102-1,"Namoradeira - Couro Legítimo",0,0
4102-7,"Namoradeira - Couro Legítimo",0,0
4103-2,"Mesa de Centro - Couro Legítimo",0,0
4103-3,"Mesa de Centro - Couro Legítimo",0,0
4103-7,"Mesa de Centro - Couro Legítimo",0,1
4106-1,"Puff Baú - Couro Legítimo",0,0
7102-06-2,"Tapete de Couro - Passadeira - Preto e Branco Malhado - 0,60 x 1,50m - Quadriculado (5x5)",0,0
7102-08-2,"Tapete de Couro - Passadeira - Marrom Avermelhado Malhado - 0,60 x 1,50m - Quadriculado (5x5)",0,0
7102-07-2,"Tapete de Couro - Passadeira - Marrom Avermelhado Malhado - 0,60 x 1,50m - Quadriculado (5x5)",0,3
7107-06-2,"Tapete de Couro - Passadeira - Preto e Branco Malhado - 0,60 x 2,0m - Quadriculado (5x5",0,2
4201-3,"Banqueta Barril G - Couro Legítimo",0,0
4201-4,"Banqueta Barril G - Couro Legítimo",0,0
4201-5,"Banqueta Barril G - Couro Legítimo",0,0
6020-05,"Conjunto de Tapetes de Couro para Cozinha - Bege Claro - 2 peças",0,3
6020-04,"Conjunto de Tapetes de Couro para Cozinha - Bege Malhado - 2 peças",0,3
6020-03,"Conjunto de Tapetes de Couro para Cozinha -Champanhe Malhado - 2 peças",0,4
6020-02,"Conjunto de Tapetes de Couro para Cozinha - Exótico Claro - 2 peças",0,0
1105-15-2,"Tapete de Couro - Cinza Claro - 2,0 x 2,0 Quadriculado (5x5)",0,0
6020-01,"Conjunto de Tapetes de Couro para Cozinha - Preto e Branco - 2 peças",0,1
7107-12-2,"Tapete de Couro - Passadeira - Branco - 0,60 x 2,0m - Quadriculado (5x5)",0,0
1103-01-2,"Tapete de Couro – Preto e Branco – 1,0 x 1,5 m Quadriculado (5×5)",0,3
1203-08-2,"Tapete de Couro – Marrom Avermelhado Malhado – 1,0 x 1,5 m Quadriculado (7×7)",0,2
1303-05-1,"Tapete de Couro – Bege Claro – 1,0 x 1,5 m Quadriculado (10×10)",0,0
1303-04-2,"Tapete de Couro – Bege Malhado – 1,0 x 1,5 m Quadriculado (10×10)",0,0
1304-05-1,"Tapete de Couro – Bege Claro  – 1,5 x 2,0 m Quadriculado (10×10)",0,0
1304-20-2,"Tapete de Couro – Exótico Médio – 1,5 x 2,0 m Quadriculado (10×10)",0,1
2501-3,"Tapete de Couro Bezerro - 95 x 77 cm Apróx.",0,1
4105-9,"Puff - Couro Legítimo",0,1
7107-15-2,"Tapete de Couro - Passadeira - Cinza Claro - 0,60 x 2,0m - Quadriculado (5x5)",0,5
7102-15-2,"Tapete de Couro - Passadeira - Cinza Claro - 0,60 x 1,50m - Quadriculado (5x5)",0,0
1307-15-2,"Tapete de Couro - Cinza - 2,0 x 3,0 Quadriculado (10x10)",0,0
3204-1,"Tapete de Couro Geométrico - Milão - 1,5 x 2,0 m",0,0
2351,"Tapete de Couro Grande 2,13 x 2,12 m",0,1
2356,"Tapete de Couro Grande 2,21 x 1,96 m",0,1
6020-10,"Conjunto de Tapetes de Couro para Cozinha - Champanhe - 2 peças",0,4
4200-4,"Banqueta Barril P em Couro Legítimo",0,1
4200-5,"Banqueta Barril P em Couro Legítimo",0,1
4200-6,"Banqueta Barril P em Couro Legítimo",0,0
4202-15,"Banqueta Barril M - Metalizado Prateado - Couro Legítimo",0,0
4202-17,"Banqueta Barril M - Branco - Couro Legítimo",0,0
4202-18,"Banqueta Barril M - Metalizado Colorido - Couro Legítimo",0,0
4202-19,"Banqueta Barril M - Colorido - Couro Legítimo",0,0
4202-20,"Banqueta Barril M - Couro Liso Colorido - Couro Legítimo",0,1
4202-24,"Banqueta Barril M - Couro Legítimo",0,0
3104-17-2,"Tapete de Couro - Mandala - 1,6m diâmetro",0,0
4202-27,"Banqueta Barril M - Couro Legítimo",0,0
4202-28,"Banqueta Barril M - Couro Legítimo",0,0
4210-3,"Banqueta Florença - Couro Legítimo",0,1
4210-4,"Banqueta Florença - Couro Legítimo",0,0
4220-2,"Banqueta e Mesa Amsterdã - Couro Legítimo",0,0
4220-3,"Banqueta e Mesa Amsterdã - Couro Legítimo",0,0
4220-4,"Banqueta e Mesa Amsterdã - Couro Legítimo",0,0
4220-5,"Banqueta e Mesa Amsterdã - Couro Legítimo",0,0
1101-29-2,"Tapete de Couro - Malhado Preto e Branco - 40 x 60cm Quadriculado (5x5)",0,0
1102-05-2,"Tapete de Couro - Bege Claro - 0,50 x 1,0m Quadriculado (5x5)",0,10
6020-15,"Conjunto de Tapetes de Couro para Cozinha - Cinza Claro - 2 peças",0,0
30304-2,"Tapete de Couro Geométrico 3D - Cinza e Preto - 1,5 x 2,0 m",0,0
32304-2,"Tapete de Couro Geometrico Londres - Preto e Champanhe - 1,5 x 2,0 m",0,0
1102-40-2,"Tapete de Couro - Bege Claro e Champanhe - 0,50 x 1,0m Quadriculado (5x5)",0,0
1302-4,"Tapete de Couro - Tabuleiro Branco e Tricolor - 0,50 x 1,0m Quadriculado 10x10",0,0
7115-05-2,"Tapete de Couro - Passadeira - Bege Claro - 0,60 x 3,0m Quadriculado (5x5)",0,2
1104-39-2,"Tapete de Couro – Tabuleiro Preto e Cinza – 1,5 x 2,0 m Quadriculado (5×5)",0,1
3205-1,"Tapete de Couro Geométrico Degradê - 2,0 x 2,5 m",0,0
1101-08-2,"Tapete de Couro - Marrom Avermelhado Malhado - 40 x 60cm Quadriculado (5x5)",0,0
1306-01-2,"Tapete de Couro - Preto e Branco - 2,0 x 2,5m Quadriculado (10x10)",0,1
1306-15-2,"Tapete de Couro - Cinza Claro - 2,0 x 2,5m Quadriculado (10x10)",0,0
1303-30-2,"Tapete de Couro – Marrom Escuro – 1,0 x 1,5 m Quadriculado (10×10)",0,0
1107-08-2,"Tapete de Couro - Marrom Avermelhado Malhado - 2,0 x 3,0 Quadriculado (5x5)",0,0
7102-12-2,"Tapete de Couro - Passadeira - Branco - 0,60 x 1,50m - Quadriculado (5x5)",0,1
7102-05-2,"Tapete de Couro - Passadeira - Bege Claro - 0,60 x 1,50m - Quadriculado (5x5)",0,0
7102-10-2,"Tapete de Couro - Passadeira - Champanhe - 0,60 x 1,50m - Quadriculado (5x5)",0,0
7107-10-2,"Tapete de Couro - Passadeira - Champanhe - 0,60 x 2,0m - Quadriculado (5x5)",0,6
1106-08-2,"Tapete de Couro - Marrom Avermelhado Malhado - 2,0 x 2,5m - Quadriculado (5x5)",0,0
4201-15,"Banqueta Barril G - Couro Legítimo",0,0
4201-16,"Banqueta Barril G - Couro Legítimo",0,0
4201-18,"Banqueta Barril G - Couro Legítimo",0,0
4201-19,"Banqueta Barril G - Couro Legítimo",0,0
4202-33,"Banqueta Barril M - Couro Legítimo",0,0
1106-41-2,"Tapete de Couro - Mix Preto, Branco e Cinza - 2,0 x 2,5m - Quadriculado (5x5)",0,0
1306-41-2,"Tapete de Couro - Mix Preto, Branco e Cinza - 2,0 x 2,5m Quadriculado (10x10)",0,0
4200-9,"Banqueta Barril P em Couro Legítimo",0,1
4200-11,"Banqueta Barril P em Couro Legítimo",0,0
4200-13,"Banqueta Barril P em Couro Legítimo",0,0
6012-8,"Almofada em Couro Legítimo - 2 lados - Quadriculado 10x10",0,2
6012-12,"Almofada em Couro Legítimo - 2 lados - Quadriculado 10x10",0,2
6012-15,"Almofada em Couro Legítimo - 2 lados - Quadriculado 10x10",0,1
2501-36,"Tapete de Couro Bezerro - 95 x 77 cm Apróx.",0,0
2501-37,"Tapete de Couro Bezerro - 95 x 77 cm Apróx.",0,0
6020-14,"Conjunto de Tapetes de Couro para Cozinha - Bege Médio - 2 peças",0,0
6020-07,"Conjunto de Tapetes de Couro para Cozinha - Marrom Avermelhado Malhado - 2 peças",0,1
6020-20,"Conjunto de Tapetes de Couro para Cozinha - Exótico Médio - 2 peças",0,0
6020-08,"Conjunto de Tapetes de Couro para Cozinha - Marrom Avermelhado Malhado - 2 peças",0,0
1303-08-2,"Tapete de Couro – Marrom Avermelhado Malhado – 1,0 x 1,5 m Quadriculado (10×10)",0,1
1203-05-2,"Tapete de Couro – Bege Claro – 1,0 x 1,5 m Quadriculado (7×7)",0,1
1103-06-2,"Tapete de Couro – Preto e Branco Malhado – 1,0 x 1,5 m Quadriculado (5×5)",0,1
1106-42-2,"Tapete de Couro - Mix de Marrom, Branco e Cinza - 2,0 x 2,5m - Quadriculado (5x5)",0,0
1107-12-2,"Tapete de Couro - Branco - 2,0 x 3,0 Quadriculado (5x5)",0,0
3102-2-2,"Tapete de Couro - Mandala - 1,2m diâmetro",0,0
3102-7-2,"Tapete de Couro - Mandala - 1,2m diâmetro",0,0
3102-8-2,"Tapete de Couro - Mandala - 1,2m diâmetro",0,0
3102-9-2,"Tapete de Couro - Mandala - 1,2m diâmetro",0,0
3102-10-2,"Tapete de Couro - Mandala - 1,2m diâmetro",0,0
3102-11-2,"Tapete de Couro - Mandala - 1,2m diâmetro",0,0
3102-12-2,"Tapete de Couro - Mandala - 1,2m diâmetro",0,0
4201-20,"Banqueta Barril G - Couro Legítimo",0,0
4202-34,"Banqueta Barril M - Couro Legítimo",0,0
2131,"Tapete de Couro Médio 2,13 x 1,73 m",0,1
1306-35-2,"Tapete de Couro - Mix de Marrom, Branco e Cinza - 2,0 x 2,5m Quadriculado (10x10)",0,0
4105-13,"Puff - Couro Legítimo - Cinza",0,2
4105-14,"Puff - Couro Legítimo - Cinza Escuro",0,0
4105-15,"Puff - Couro Legítimo - Branco",0,1
1103-07-2,"Tapete de Couro – Marrom Avermelhado Malhado – 1,0 x 1,5 m Quadriculado (5×5)",0,1
30904-2,"Tapete de Couro Geométrico Imperatriz - Marrom e Branco - 1,5 x 2,0 m",0,0
1102-12-2,"Tapete de Couro - Branco - 0,50 x 1,0m Quadriculado (5x5)",0,8
1204-17-2,"Tapete de Couro – Off White  – 1,5 x 2,0 m Quadriculado (7×7)",0,0
3204-2,"Tapete de Couro Geométrico Milão - 1,5 x 2,0 m",0,0
3204-3,"Tapete de Couro Geométrico Milão - 1,5 x 2,0 m",0,0
4105-16,"Puff - Couro Legítimo - Marrom",0,0
4105-17,"Puff - Couro Legítimo - Caramelo",0,2
4102-15,"Namoradeira - Couro Legítimo",0,0
6020-06,"Conjunto de Tapetes de Couro para Cozinha - Preto e Branco Malhado - 2 peças",0,0
6020-22,"Conjunto de Tapetes de Couro para Cozinha - Cinza e Bege - 2 peças",0,0
1203-12-2,"Tapete de Couro – Branco – 1,0 x 1,5 m Quadriculado (7×7)",0,1
1306-43-2,"Tapete de Couro - Bege Malhado - 2,0 x 2,5m Quadriculado (10x10)",0,1
1307-43-2,"Tapete de Couro - Bege Malhado - 2,0 x 3,0 Quadriculado (10x10)",0,0
32204-2,"Tapete de Couro Geométrico Texas - Bege Claro e Cinza - 1,5 x 2,0 m",0,0
32404-2,"Tapete de Couro Geométrico Imperial - Champanhe - 1,5 x 2,0 m",0,0
31206-2,"Tapete Geométrico Quadros - Mix - 2,0 x 2,5 m",0,0
7111-01-2,"Tapete de Couro - Passadeira - Preto e Branco - 0,60 x 2,50 m - Quadriculado (5x5)",0,1
1307-44-2,"Tapete de Couro - Tricolor - 2,0 x 3,0 Quadriculado (10x10)",0,0
4105-20,"Puff - Couro Legítimo - Exótico Claro",0,0
4105-21,"Puff - Couro Legítimo - Bege",0,0
1207-05-2,"Tapete de Couro – Bege Claro – 2,0 x 3,0 Quadriculado (7×7)",0,0
7111-10-2,"Tapete de Couro - Passadeira - Champanhe - 0,60 x 2,50m - Quadriculado (5x5)",0,2
7107-01-2,"Tapete de Couro - Passadeira - Preto e Branco - 0,60 x 2,0m - Quadriculado (5x5)",0,1
1304-45-2,"Tapete de Couro Paris - Degradê – 1,5 x 2,0 m Quadriculado (10×10)",0,0
32604-2,"Tapete de Couro Imperatriz - Off White e Preto - 1,5 x 2,0 m",0,0
31004-2,"Tapete de Couro Imperial - Cinza - 1,5 x 2,0 m",0,1
1103-02-2,"Tapete de Couro – Exótico Claro – 1,0 x 1,5 m Quadriculado (5×5)",0,0
7107-02-2,"Tapete de Couro - Passadeira - Exótico Claro - 0,60 x 2,0m - Quadriculado (5x5)",0,1
7107-04-2,"Tapete de Couro - Passadeira - Bege Malhado - 0,60 x 2,0m - Quadriculado (5x5)",0,0
4200-17,"Banqueta Barril P - Couro Legítimo - Marrom",0,2
4200-18,"Banqueta Barril P em Couro Legítimo - Caramelo",0,2
4202-35,"Banqueta Barril M - Couro Legítimo - Marrom",0,2
4202-36,"Banqueta Barril M - Couro Legítimo - Caramelo",0,0
4201-21,"Banqueta Barril G - Couro Legítimo - Marrom",0,0
4201-22,"Banqueta Barril G - Couro Legítimo - Caramelo",0,0
4105-23,"Puff - Couro Legítimo - Exótico Médio",0,0
4202-37,"Banqueta Barril M - Couro Legítimo",0,0
4202-39,"Banqueta Barril M - Couro Legítimo",0,0
4210-5,"Banqueta Florença - Couro Legítimo",0,0
4105-caramelo,"Puff Monte Carlo- Couro Legítimo - Caramelo",0,
4105-marrom,"Puff Monte Carlo - Couro Legítimo - Marrom",0,0
1303-28-2,"Tapete de Couro – Champanhe Escuro – 1,0 x 1,5 m Quadriculado (10×10)",0,1
1103-20-2,"Tapete de Couro – Exótico Médio – 1,0 x 1,5 m Quadriculado (5×5)",0,1
32704-2,"Tapete de Couro Geométrico Colmeia - Cinza Claro - 1,5 x 2,0 m",0,0
30804-2,"Tapete de Couro Geométrico Imperatriz - Marrom e Branco - 1,5 x 2,0 m",0,0
30504-2,"Tapete de Couro Geométrico Roma - Mix de Bege e Cinza - 1,5 x 2,0 m",0,1
1103-28-2,"Tapete de Couro – Champanhe Escuro – 1,0 x 1,5 m Quadriculado (5×5)",0,0
1304-11-2,"Tapete de Couro – Exótico Escuro  – 1,5 x 2,0 m Quadriculado (10×10)",0,0
6051-24,"Conjunto de Banheiro - Couro Legítimo - 3 peças - Quadriculado 5x5",0,0
6051-25,"Conjunto de Banheiro - Couro Legítimo - 3 peças - Quadriculado 5x5",0,0
6051-26,"Conjunto de Banheiro - Couro Legítimo - 3 peças - Quadriculado 5x5",0,0
6051-27,"Conjunto de Banheiro - Couro Legítimo - 3 peças - Quadriculado 5x5",0,0
6051-28,"Conjunto de Banheiro - Couro Legítimo - 3 peças - Quadriculado 5x5",0,0
6051-29,"Conjunto de Banheiro - Couro Legítimo - 3 peças - Quadriculado 5x5",0,0
6051-30,"Conjunto de Banheiro - Couro Legítimo - 3 peças - Quadriculado 5x5",0,1
6051-32,"Conjunto de Banheiro - Couro Legítimo - 3 peças - Quadriculado 7x7",0,0
6051-33,"Conjunto de Banheiro - Couro Legítimo - 3 peças - Quadriculado 7x7",0,0
2501-62,"Tapete de Couro Bezerro - 95 x 77 cm Apróx.",0,0
2501-64,"Tapete de Couro Bezerro - 95 x 77 cm Apróx.",0,0
2501-67,"Tapete de Couro Bezerro - 95 x 77 cm Apróx.",0,0
1304-03-2,"Tapete de Couro – Champanhe Malhado  – 1,5 x 2,0 m Quadriculado (10×10)",0,0
1306-11-2,"Tapete de Couro - Exótico Escuro - 2,0 x 2,5m Quadriculado (10x10)",0,0
1306-02-2,"Tapete de Couro - Exótico Claro - 2,0 x 2,5m Quadriculado (10x10)",0,1
1206-02-2,"Tapete de Couro - Exótico Claro - 2,0 x 2,5 Quadriculado (7x7)",0,0
1304-43-2,"Tapete de Couro – Bege Malhado  – 1,5 x 2,0 m Quadriculado (10×10)",0,1
3104-18-2,"Tapete de Couro - Mandala - 1,6m diâmetro",0,0
3104-20-2,"Tapete de Couro - Mandala - 1,6m diâmetro",0,0
3104-22-2,"Tapete de Couro - Mandala - 1,6m diâmetro",0,0
3104-23-2,"Tapete de Couro - Mandala - 1,6m diâmetro",0,0
3104-24-2,"Tapete de Couro - Mandala - 1,6m diâmetro",0,0
3104-25-2,"Tapete de Couro - Mandala - 1,6m diâmetro",0,0
3104-26-2,"Tapete de Couro - Mandala - 1,6m diâmetro",0,0
5043,"Capa para Banco/Mocho de Pele de Ovelha Rosa",0,4
7102-03-2,"Tapete de Couro - Passadeira - Champanhe Malhado - 0,60 x 1,50m - Quadriculado (5x5)",0,3
1303-11-2,"Tapete de Couro – Exótico Escuro – 1,0 x 1,5 m Quadriculado (10×10)",0,1
1204-02-2,"Tapete de Couro – Exótico Claro  – 1,5 x 2,0 m Quadriculado (7×7)",0,0
7102-04-2,"Tapete de Couro - Passadeira - Bege Malhado - 0,60 x 1,50m - Quadriculado (5x5)",0,0
4200-19,"Banqueta Barril P em Couro Legítimo",0,1
4210-7,"Banqueta Florença - Couro Legítimo",0,0
4204-11,"Banqueta Pés Palito M - Couro Legítimo",0,0
4204-13,"Banqueta Pés Palito M - Couro Legítimo",0,2
2155,"Tapete de Couro Médio 2,13 x 1,95 m",0,1
2160,"Tapete de Couro Médio 2,11 x 1,91 m",0,1
2169,"Tapete de Couro Médio 2,16 x 1,85 m",0,1
2344,"Tapete de Couro Grande 2,30 x 2,00 m",0,1
2370,"Tapete de Couro Grande 2,23 x 1,97 m",0,1
1203-22-2,"Tapete de Couro – Cinza e Bege – 1,0 x 1,5 m Quadriculado (7×7)",0,1
1203-02-2,"Tapete de Couro – Exótico Claro – 1,0 x 1,5 m Quadriculado (7×7)",0,1
32806-2,"Tapete de Couro Geométrico Colmeia - 2,0 x 2,5 m",0,0
32906-2,"Tapete de Couro Geométrico Colmeia - 2,0 x 2,5 m",0,0
2371,"Tapete de Couro Grande 2,18 x 2,02 m",0,1
2382,"Tapete de Couro Grande 2,30 x 2,03 m",0,1
6012-23,"Almofada em Couro Legítimo - 2 lados - Quadriculado 10x10",0,0
6012-24,"Almofada em Couro Legítimo - 2 lados - Quadriculado 10x10",0,2
4103-9,"Mesa de Centro - Couro Legítimo",0,1
4102-18,"Namoradeira - Couro Legítimo",0,0
1105-12-2,"Tapete de Couro - Branco - 2,0 x 2,0 Quadriculado (5x5)",0,1
7111-02-2,"Tapete de Couro - Passadeira - Exótico Claro - 0,60 x 2,50 m - Quadriculado (5x5)",0,1
7111-04-2,"Tapete de Couro - Passadeira - Bege Malhado - 0,60 x 2,50 m - Quadriculado (5x5)",0,0
7111-05-2,"Tapete de Couro - Passadeira - Bege Claro - 0,60 x 2,50 m - Quadriculado (5x5)",0,1
7111-03-2,"Tapete de Couro - Passadeira - Champanhe Malhado - 0,60 x 2,50 m - Quadriculado (5x5)",0,1
7102-14-2,"Tapete de Couro - Passadeira - Bege Médio - 0,60 x 1,50m - Quadriculado (5x5)",0,3
1304-29-2,"Tapete de Couro – Preto e Branco Malhado  – 1,5 x 2,0 m Quadriculado (10×10)",0,0
4103-13,"Mesa de Centro - Couro Legítimo",0,0
4102-20,"Namoradeira - Couro Legítimo",0,0
7107-03-2,"Tapete de Couro - Passadeira - Champanhe Malhado - 0,60 x 2,0m - Quadriculado (5x5)",0,0
1105-14-2,"Tapete de Couro - Bege Médio - 2,0 x 2,0 Quadriculado (5x5)",0,0
7102-09-2,"Tapete de Couro - Passadeira - Preto - 0,60 x 1,50m - Quadriculado (5x5)",0,0
4201-27,"Banqueta Barril G - Couro Legítimo",0,0
4220-7,"Banqueta e Mesa Amsterdã - Couro Legítimo",0,0
3106-1-2,"Tapete de Couro - Mandala - 2,0m diâmetro",0,0
3106-2-2,"Tapete de Couro - Mandala - 2,0m diâmetro",0,0
1105-08-2,"Tapete de Couro - Marrom Avermelhado Malhado - 2,0 x 2,0 Quadriculado (5x5)",0,0
1106-02-2,"Tapete de Couro - Exótico Claro - 2,0 x 2,5m - Quadriculado (5x5)",0,0
1107-14-2,"Tapete de Couro - Bege Médio - 2,0 x 3,0 Quadriculado (5x5)",0,1
7111-12-2,"Tapete de Couro - Passadeira - Branco - 0,60 x 2,50 m - Quadriculado (5x5)",0,2
1104-41-2,"Tapete de Couro – Mix Preto, Branco e Cinza – 1,5 x 2,0 m Quadriculado (5×5)",0,0
7115-15-2,"Tapete de Couro - Passadeira - Cinza Claro - 0,60 x 3,0m Quadriculado (5x5)",0,0
1103-12-2,"Tapete de Couro – Branco – 1,0 x 1,5 m Quadriculado (5×5)",0,2
2501-8,"Tapete de Couro Bezerro - 95 x 77 cm Apróx.",0,0
6012-27,"Almofada em Couro Legítimo - 2 lados - Quadriculado 7x7",0,2
6012-28,"Almofada em Couro Legítimo - 2 lados - Quadriculado 7x7",0,3
6012-30,"Almofada em Couro Legítimo - 2 lados - Quadriculado 7x7",0,0
6012-31,"Almofada em Couro Legítimo - 2 lados - Quadriculado 7x7",0,0
6012-33,"Almofada em Couro Legítimo - Metalizado Prateado - 2 lados - Quadriculado 10x10",0,1
6012-35,"Almofada em Couro Legítimo - 2 lados - Quadriculado 10x10",0,0
6012-37,"Almofada em Couro Legítimo - 2 lados - Quadriculado 10x10",0,0
6051-41,"Conjunto de Banheiro - Couro Legítimo - 3 peças - Quadriculado 10x10",0,0
6051-42,"Conjunto de Banheiro - Couro Legítimo - 3 peças - Quadriculado 10x10",0,0
1106-06-2,"Tapete de Couro - Preto e Branco Malhado - 2,0 x 2,5m - Quadriculado (5x5)",0,0
7107-14-2,"Tapete de Couro - Passadeira - Bege Médio - 0,60 x 2,00m - Quadriculado (5x5)",0,2
2201-1,"Tapete de Couro P - 1,87 x 1,55 m",0,0
2201-4,"Tapete de Couro P - 1,76 x 1,79 m",0,0
2201-5,"Tapete de Couro P - 1,78 x 1,78 m",0,0
2201-6,"Tapete de Couro P - 2,00 x 1,64 m",0,0
2201-8,"Tapete de Couro P - 1,86 x 1,72 m",0,0
2201-12,"Tapete de Couro P - 2,00 x 1,66 m",0,0
2201-13,"Tapete de Couro P - 1,87 x 1,61 m",0,0
2701-3,"Tapete de Couro PP - 1,71 x 1,53 m",0,0
2301-1,"Tapete de Couro Grande 2,16 x 2,04 m",0,1
2301-5,"Tapete de Couro Grande 2,14 x 2,02 m",0,1
2301-6,"Tapete de Couro Grande 2,24 x 1,90 m",0,1
2301-8,"Tapete de Couro Grande 2,20 x 1,90 m",0,1
2301-10,"Tapete de Couro Grande 2,10 x 1,72 m",0,1
2401-8,"Tapete de Couro Grande 2,30 x 2,04 m",0,1
2401-9,"Tapete de Couro Grande 2,54 x 2,07 m",0,1
4104-7,"Mesa Lateral - Couro Legítimo - Pés Palito",0,0
4104-8,"Mesa Lateral - Couro Legítimo - Pés Palito",0,0
4104-9,"Mesa Lateral - Couro Legítimo - Pés Palito",0,0
4104-10,"Mesa Lateral - Couro Legítimo - Pés Palito",0,0
4103-14,"Mesa de Centro - Couro Legítimo",0,0
4103-17,"Mesa de Centro - Couro Legítimo",0,0
4103-18,"Mesa de Centro - Couro Legítimo",0,0
4102-21,"Namoradeira - Couro Legítimo",0,0
4102-22,"Namoradeira - Couro Legítimo",0,1
4102-23,"Namoradeira - Couro Legítimo",0,0
4102-24,"Namoradeira - Couro Legítimo",0,1
4200-20,"Banqueta Barril P em Couro Legítimo",0,0
4200-21,"Banqueta Barril P em Couro Legítimo",0,0
4201-28,"Banqueta Barril G - Couro Legítimo",0,1
4201-29,"Banqueta Barril G - Couro Legítimo",0,1
4201-30,"Banqueta Barril G - Couro Legítimo",0,0
4201-31,"Banqueta Barril G - Couro Legítimo",0,0
2201-16,"Tapete de Couro P - 1,99 x 1,71 m",0,0
2201-17,"Tapete de Couro P - 1,87 x 1,78 m",0,0
1204-05-2,"Tapete de Couro – Bege Claro  – 1,5 x 2,0 m Quadriculado (7×7)",0,1
3104-3-2,"Tapete de Couro - Mandala - 1,6m diâmetro",0,0
72801-1,"Tapete de Couro Geométrico - Passadeira - Bege - 0,50 x 1,70 m",0,0
72801-2,"Tapete de Couro Geométrico - Passadeira - Bege - 0,50 x 1,80 m",0,0
1206-04-2,"Tapete de Couro - Bege Malhado - 2,0 x 2,5 Quadriculado (7x7)",0,0
2501-84,"Tapete de Couro Bezerro - 95 x 77 cm Apróx.",0,0
2501-86,"Tapete de Couro Bezerro - 95 x 77 cm Apróx.",0,0
2501-89,"Tapete de Couro Bezerro - 95 x 77 cm Apróx.",0,1
2501-91,"Tapete de Couro Bezerro - 95 x 77 cm Apróx.",0,0
4201-33,"Banqueta Barril G - Couro Legítimo",0,0
4201-34,"Banqueta Barril G - Couro Legítimo",0,0
4202-40,"Banqueta Barril M - Couro Legítimo",0,0
4200-22,"Banqueta Barril P em Couro Legítimo",0,0
4200-23,"Banqueta Barril P em Couro Legítimo",0,0
4220-8,"Banqueta e Mesa Amsterdã - Couro Legítimo",0,0
2601-2,"Tapete de Couro PP - 1,19 x 1,27 m",0,0
2601-4,"Tapete de Couro PP - 1,27 x 1,32 m",0,0
2601-6,"Tapete de Couro PP - 1,24 x 1,27 m",0,0
2601-8,"Tapete de Couro PP - 1,25 x 1,23 m",0,0
2601-9,"Tapete de Couro PP - 1,35 x 1,30 m",0,0
6012-38,"Almofada em Couro Legítimo - 2 lados - Quadriculado 10x10",0,0
6012-39,"Almofada em Couro Legítimo - 2 lados - Quadriculado 10x10",0,0
6012-40,"Almofada em Couro Legítimo - 2 lados - Quadriculado 10x10",0,0
6012-41,"Almofada em Couro Legítimo - Geométrico 3D - 2 lados",0,1
6012-42,"Almofada em Couro Legítimo - Geométrico Terni - 2 lados",0,2
6012-43,"Almofada em Couro Legítimo - Geométrico Imperatriz - 2 lados",0,0
7202-14-2,"Tapete de Couro - Passadeira - 0,60 x 1,50 m - Quadriculado 7x7",0,0
7202-21-2,"Tapete de Couro - Passadeira - 0,60 x 1,50 m - Quadriculado 7x7",0,0
7302-20-2,"Tapete de Couro -Passadeira - 0,60 x 1,50 m - Quadriculado 10x10",0,0
7302-28-2,"Tapete de Couro - Passadeira - 0,60 x 1,50 m - Quadriculado 10x10",0,0
7307-46-2,"Tapete de Couro - Passadeira - 0,60 x 2,00 m - Quadriculado 10x10",0,0
7307-15-2,"Tapete de Couro - Passadeira - 0,60 x 2,00 m - Quadriculado 10x10",0,0
3104-27-2,"Tapete de Couro - Mandala - 1,6m diâmetro",0,0
3102-13-2,"Tapete de Couro - Mandala - 1,2m diâmetro",0,0
3102-14-2,"Tapete de Couro - Mandala - 1,2m diâmetro",0,0
3102-15-2,"Tapete de Couro - Mandala - 1,2m diâmetro",0,0
3102-16-2,"Tapete de Couro - Mandala - 1,2m diâmetro",0,0
