SKU,Nome,Categorias
1102-15-2,"Tapete de Couro - Cinza Claro - 0,50 x 1,0m Quadriculado (5x5)","PRONTA ENTREGA > Tapetes > Tamanho 0\,5 x 1\,0 m"
1102-14-2,"Tapete de Couro - Bege Médio - 0,50 x 1,0 Quadriculado (5x5)","PRONTA ENTREGA > Tapetes > Tamanho 0\,5 x 1\,0 m"
1102-10-2,"Tapete de Couro - Champanhe - 0,50 x 1,0 Quadriculado (5x5)","PRONTA ENTREGA > Tapetes > Tamanho 0\,5 x 1\,0 m"
1102-22-2,"Tapete de Couro - Cinza com Bege - 0,50 x 1,0 Quadriculado (5x5)","PRONTA ENTREGA > Tapetes > Tamanho 0\,5 x 1\,0 m"
1102-07-2,"Tapete de Couro - Marrom Avermelhado Malhado - 0,50 x 1,0m Quadriculado (5x5)","PRONTA ENTREGA > Tapetes > Tamanho 0\,5 x 1\,0 m"
1102-01-2,"Tapete de Couro - Preto e Branco - 0,50 x 1,0m Quadriculado (5x5)","PRONTA ENTREGA > Tapetes > Tamanho 0\,5 x 1\,0 m"
1102-06-2,"Tapete de Couro - Preto e Branco Malhado - 0,50 x 1,0 Quadriculado (5x5)","PRONTA ENTREGA > Tapetes > Tamanho 0\,5 x 1\,0 m"
1102-08-2,"Tapete de Couro - Marrom Avermelhado Malhado - 0,50 x 1,0m Quadriculado (5x5)","PRONTA ENTREGA > Tapetes > Tamanho 0\,5 x 1\,0 m"
1102-17-2,"Tapete de Couro - Off White - 0,50 x 1,0m Quadriculado (5x5)","PRONTA ENTREGA > Tapetes > Tamanho 0\,5 x 1\,0 m"
1102-02-2,"Tapete de Couro - Exótico Claro - 0,50 x 1,0m Quadriculado (5x5)","PRONTA ENTREGA > Tapetes > Tamanho 0\,5 x 1\,0 m"
1102-05-2,"Tapete de Couro - Bege Claro - 0,50 x 1,0m Quadriculado (5x5)","PRONTA ENTREGA > Tapetes > Tamanho 0\,5 x 1\,0 m"
1102-40-2,"Tapete de Couro - Bege Claro e Champanhe - 0,50 x 1,0m Quadriculado (5x5)","PRONTA ENTREGA > Tapetes > Tamanho 0\,5 x 1\,0 m"
1302-3,"Tapete de Couro - Bege - 0,50 x 1,0m Quadriculado 10x10","PRONTA ENTREGA > Tapetes > Tamanho 0\,5 x 1\,0 m"
1302-4,"Tapete de Couro - Tabuleiro Branco e Tricolor - 0,50 x 1,0m Quadriculado 10x10","PRONTA ENTREGA > Tapetes > Tamanho 0\,5 x 1\,0 m"
1102-12-2,"Tapete de Couro - Branco - 0,50 x 1,0m Quadriculado (5x5)","PRONTA ENTREGA > Tapetes > Tamanho 0\,5 x 1\,0 m"
1303-16-2,"Tapete de Couro – Preto e Branco – 1,0 x 1,5 m Quadriculado (10×10)","PRONTA ENTREGA > Tapetes > Tamanho 1\,0 x 1\,50 m"
1303-34-2,"Tapete de Couro - Mix de Marrom com Bege - 1,0 x 1,5 m Quadriculado 10×10)","PRONTA ENTREGA > Tapetes > Tamanho 1\,0 x 1\,50 m"
1303-20-2,"Tapete de Couro – Exótico Médio – 1,0 x 1,5 m Quadriculado (10×10)","PRONTA ENTREGA > Tapetes > Tamanho 1\,0 x 1\,50 m"
1303-13-2,"Tapete de Couro – Caramelo – 1,0 x 1,5 m Quadriculado (10×10)","PRONTA ENTREGA > Tapetes > Tamanho 1\,0 x 1\,50 m"
1103-15-2,"Tapete de Couro – Cinza Claro – 1,0 x 1,5 m Quadriculado (5×5)","PRONTA ENTREGA > Tapetes > Tamanho 1\,0 x 1\,50 m"
1103-11-2,"Tapete de Couro – Exótico Escuro – 1,0 x 1,5 m Quadriculado (5×5)","PRONTA ENTREGA > Tapetes > Tamanho 1\,0 x 1\,50 m"
1203-18-2,"Tapete de Couro – Preto e Branco – 1,0 x 1,5 m Quadriculado (7×7)","PRONTA ENTREGA > Tapetes > Tamanho 1\,0 x 1\,50 m"
1203-17-2,"Tapete de Couro – Branco – 1,0 x 1,5 m Quadriculado (7×7)","PRONTA ENTREGA > Tapetes > Tamanho 1\,0 x 1\,50 m"
1203-15-2,"Tapete de Couro – Cinza – 1,0 x 1,5 m Quadriculado (7×7)","PRONTA ENTREGA > Tapetes > Tamanho 1\,0 x 1\,50 m"
1203-14-2,"Tapete de Couro – Bege Médio – 1,0 x 1,5 m Quadriculado (7×7)","PRONTA ENTREGA > Tapetes > Tamanho 1\,0 x 1\,50 m"
1103-05-2,"Tapete de Couro – Bege Claro – 1,0 x 1,5 m Quadriculado (5×5)","PRONTA ENTREGA > Tapetes > Tamanho 1\,0 x 1\,50 m"
1103-14-2,"Tapete de Couro – Bege – 1,0 x 1,5 m Quadriculado (5×5)","PRONTA ENTREGA > Tapetes > Tamanho 1\,0 x 1\,50 m"
1103-10-1,"Tapete de Couro – Champanhe – 1,0 x 1,5 m Quadriculado (5×5)","PRONTA ENTREGA > Tapetes > Tamanho 1\,0 x 1\,50 m"
1103-05-1,"Tapete de Couro – Bege Claro – 1,0 x 1,5 m Quadriculado (5×5)","PRONTA ENTREGA > Tapetes > Tamanho 1\,0 x 1\,50 m"
1103-13-2,"Tapete de Couro – Caramelo – 1,0 x 1,5 m Quadriculado (5×5)","PRONTA ENTREGA > Tapetes > Tamanho 1\,0 x 1\,50 m"
1103-11-1,"Tapete de Couro – Exótico – 1,0 x 1,5 m Quadriculado (5×5)","PRONTA ENTREGA > Tapetes > Tamanho 1\,0 x 1\,50 m"
1103-31-2,"Tapete de Couro – Champanhe e Branco – 1,0 x 1,5 m Quadriculado (5×5)","PRONTA ENTREGA > Tapetes > Tamanho 1\,0 x 1\,50 m"
1303-19-2,"Tapete de Couro – Marrom – 1,0 x 1,5 m Quadriculado (10×10)","PRONTA ENTREGA > Tapetes > Tamanho 1\,0 x 1\,50 m"
1303-14-2,"Tapete de Couro – Bege – 1,0 x 1,5 m Quadriculado (10×10)","PRONTA ENTREGA > Tapetes > Tamanho 1\,0 x 1\,50 m"
1303-14-1,"Tapete de Couro – Bege – 1,0 x 1,5 m Quadriculado (10×10)","PRONTA ENTREGA > Tapetes > Tamanho 1\,0 x 1\,50 m"
1203-14-1,"Tapete de Couro – Bege – 1,0 x 1,5 m Quadriculado (7×7)","PRONTA ENTREGA > Tapetes > Tamanho 1\,0 x 1\,50 m"
1203-16-1,"Tapete de Couro – Preto e Branco Salpicado – 1,0 x 1,5 m Quadriculado (7×7)","PRONTA ENTREGA > Tapetes > Tamanho 1\,0 x 1\,50 m"
3303-1,"Tapete de Couro Geométrico – 1,0 x 1,5 m","PRONTA ENTREGA > Tapetes > Tamanho 1\,0 x 1\,50 m"
3303-2,"Tapete de Couro Geométrico – 1,0 x 1,5 m","PRONTA ENTREGA > Tapetes > Tamanho 1\,0 x 1\,50 m"
3303-3,"Tapete de Couro Geométrico – 1,0 x 1,5 m","PRONTA ENTREGA > Tapetes > Tamanho 1\,0 x 1\,50 m"
3303-4,"Tapete de Couro Geométrico – 1,0 x 1,5 m","PRONTA ENTREGA > Tapetes > Tamanho 1\,0 x 1\,50 m"
1103-08-2,"Tapete de Couro – Marrom Avermelhado Malhado – 1,0 x 1,5 m Quadriculado (5×5)","PRONTA ENTREGA > Tapetes > Tamanho 1\,0 x 1\,50 m"
1203-13-2,"Tapete de Couro – Caramelo – 1,0 x 1,5 m Quadriculado (7×7)","PRONTA ENTREGA > Tapetes > Tamanho 1\,0 x 1\,50 m"
1203-10-2,"Tapete de Couro – Champanhe – 1,0 x 1,5 m Quadriculado (7×7)","PRONTA ENTREGA > Tapetes > Tamanho 1\,0 x 1\,50 m"
1203-11-2,"Tapete de Couro – Exótico Escuro – 1,0 x 1,5 m Quadriculado (7×7)","PRONTA ENTREGA > Tapetes > Tamanho 1\,0 x 1\,50 m"
1203-01-2,"Tapete de Couro – Preto e Branco – 1,0 x 1,5 m Quadriculado (7×7)","PRONTA ENTREGA > Tapetes > Tamanho 1\,0 x 1\,50 m"
1303-01-2,"Tapete de Couro – Preto e Branco – 1,0 x 1,5 m Quadriculado (10×10)","PRONTA ENTREGA > Tapetes > Tamanho 1\,0 x 1\,50 m"
1303-10-2,"Tapete de Couro – Champanhe – 1,0 x 1,5 m Quadriculado (10×10)","PRONTA ENTREGA > Tapetes > Tamanho 1\,0 x 1\,50 m"
1303-06-2,"Tapete de Couro – Preto e Branco Malhado – 1,0 x 1,5 m Quadriculado (10×10)","PRONTA ENTREGA > Tapetes > Tamanho 1\,0 x 1\,50 m"
1103-01-2,"Tapete de Couro – Preto e Branco – 1,0 x 1,5 m Quadriculado (5×5)","PRONTA ENTREGA > Tapetes > Tamanho 1\,0 x 1\,50 m"
1203-08-2,"Tapete de Couro – Marrom Avermelhado Malhado – 1,0 x 1,5 m Quadriculado (7×7)","PRONTA ENTREGA > Tapetes > Tamanho 1\,0 x 1\,50 m"
1303-05-1,"Tapete de Couro – Bege Claro – 1,0 x 1,5 m Quadriculado (10×10)","PRONTA ENTREGA > Tapetes > Tamanho 1\,0 x 1\,50 m"
1303-04-2,"Tapete de Couro – Bege Malhado – 1,0 x 1,5 m Quadriculado (10×10)","PRONTA ENTREGA > Tapetes > Tamanho 1\,0 x 1\,50 m"
1303-30-2,"Tapete de Couro – Marrom Escuro – 1,0 x 1,5 m Quadriculado (10×10)","PRONTA ENTREGA > Tapetes > Tamanho 1\,0 x 1\,50 m"
1303-08-2,"Tapete de Couro – Marrom Avermelhado Malhado – 1,0 x 1,5 m Quadriculado (10×10)","PRONTA ENTREGA > Tapetes > Tamanho 1\,0 x 1\,50 m"
1203-05-2,"Tapete de Couro – Bege Claro – 1,0 x 1,5 m Quadriculado (7×7)","PRONTA ENTREGA > Tapetes > Tamanho 1\,0 x 1\,50 m"
1103-06-2,"Tapete de Couro – Preto e Branco Malhado – 1,0 x 1,5 m Quadriculado (5×5)","PRONTA ENTREGA > Tapetes > Tamanho 1\,0 x 1\,50 m"
1103-07-2,"Tapete de Couro – Marrom Avermelhado Malhado – 1,0 x 1,5 m Quadriculado (5×5)","PRONTA ENTREGA > Tapetes > Tamanho 1\,0 x 1\,50 m"
1203-12-2,"Tapete de Couro – Branco – 1,0 x 1,5 m Quadriculado (7×7)","PRONTA ENTREGA > Tapetes > Tamanho 1\,0 x 1\,50 m"
1103-02-2,"Tapete de Couro – Exótico Claro – 1,0 x 1,5 m Quadriculado (5×5)","PRONTA ENTREGA > Tapetes > Tamanho 1\,0 x 1\,50 m"
1303-28-2,"Tapete de Couro – Champanhe Escuro – 1,0 x 1,5 m Quadriculado (10×10)","PRONTA ENTREGA > Tapetes > Tamanho 1\,0 x 1\,50 m"
1103-20-2,"Tapete de Couro – Exótico Médio – 1,0 x 1,5 m Quadriculado (5×5)","PRONTA ENTREGA > Tapetes > Tamanho 1\,0 x 1\,50 m"
1103-28-2,"Tapete de Couro – Champanhe Escuro – 1,0 x 1,5 m Quadriculado (5×5)","PRONTA ENTREGA > Tapetes > Tamanho 1\,0 x 1\,50 m"
1303-11-2,"Tapete de Couro – Exótico Escuro – 1,0 x 1,5 m Quadriculado (10×10)","PRONTA ENTREGA > Tapetes > Tamanho 1\,0 x 1\,50 m"
1203-22-2,"Tapete de Couro – Cinza e Bege – 1,0 x 1,5 m Quadriculado (7×7)","PRONTA ENTREGA > Tapetes > Tamanho 1\,0 x 1\,50 m"
1203-02-2,"Tapete de Couro – Exótico Claro – 1,0 x 1,5 m Quadriculado (7×7)","PRONTA ENTREGA > Tapetes > Tamanho 1\,0 x 1\,50 m"
1104-05-2,"Tapete de Couro - Bege Claro - 1,50 x 2,0 Quadriculado (5x5)","PRONTA ENTREGA > Tapetes > Tamanho 1\,50 x 2\,0 m"
1104-13-2,"Tapete de Couro – Caramelo – 1,5 x 2,0 Quadriculado (5×5)","PRONTA ENTREGA > Tapetes > Tamanho 1\,50 x 2\,0 m"
1104-10-2,"Tapete de Couro - Champanhe - 1,50 x 2,0 m Quadriculado (5x5)","PRONTA ENTREGA > Tapetes > Tamanho 1\,50 x 2\,0 m"
1104-15-2,"Tapete de Couro – Cinza – 1,5 x 2,0 Quadriculado (5×5)","PRONTA ENTREGA > Tapetes > Tamanho 1\,50 x 2\,0 m"
1104-08-2,"Tapete de Couro - Marrom Avermelhado Malhado - 1,50 x 2,0 Quadriculado (5x5)","PRONTA ENTREGA > Tapetes > Tamanho 1\,50 x 2\,0 m"
1104-06-2,"Tapete de Couro – Preto e Branco Malhado – 1,5 x 2,0 m Quadriculado (5×5)","PRONTA ENTREGA > Tapetes > Tamanho 1\,50 x 2\,0 m"
1204-14-2,"Tapete de Couro - Bege - 1,50 x 2,0 m Quadriculado (7x7)","PRONTA ENTREGA > Tapetes > Tamanho 1\,50 x 2\,0 m"
1204-28-2,"Tapete de Couro – Champanhe Escuro – 1,5 x 2,0 Quadriculado (7×7)","PRONTA ENTREGA > Tapetes > Tamanho 1\,50 x 2\,0 m"
1304-08-2,"Tapete de Couro - Marrom Avermelhado Malhado - 1,50 x 2,0 m Quadriculado (10x10)","PRONTA ENTREGA > Tapetes > Tamanho 1\,50 x 2\,0 m"
1304-06-2,"Tapete de Couro - Preto e Branco Malhado - 1,50 x 2,0 Quadriculado (10x10)","PRONTA ENTREGA > Tapetes > Tamanho 1\,50 x 2\,0 m"
1104-26-2,"Tapete de Couro - Cinza com Caramelo - 1,50 x 2,0 Quadriculado (5x5)","PRONTA ENTREGA > Tapetes > Tamanho 1\,50 x 2\,0 m"
1204-13-2,"Tapete de Couro – Caramelo – 1,5 x 2,0 Quadriculado (7×7)","PRONTA ENTREGA > Tapetes > Tamanho 1\,50 x 2\,0 m"
1104-03-2,"Tapete de Couro – Champanhe Malhado – 1,5 x 2,0 m Quadriculado (5×5)","PRONTA ENTREGA > Tapetes > Tamanho 1\,50 x 2\,0 m"
1304-15-2,"Tapete de Couro – Cinza Claro – 1,5 x 2,0 Quadriculado (10×10)","PRONTA ENTREGA > Tapetes > Tamanho 1\,50 x 2\,0 m"
1104-11-2,"Tapete de Couro – Exótico Escuro – 1,5 x 2,0 m Quadriculado (5×5)","PRONTA ENTREGA > Tapetes > Tamanho 1\,50 x 2\,0 m"
1304-18-2,"Tapete de Couro – Preto e Branco – 1,5 x 2,0 Quadriculado (10×10)","PRONTA ENTREGA > Tapetes > Tamanho 1\,50 x 2\,0 m"
1304-10-2,"Tapete de Couro – Champanhe – 1,5 x 2,0 Quadriculado (10×10)","PRONTA ENTREGA > Tapetes > Tamanho 1\,50 x 2\,0 m"
1104-22-2,"Tapete de Couro – Bege e Cinza – 1,5 x 2,0 m Quadriculado (5×5)","PRONTA ENTREGA > Tapetes > Tamanho 1\,50 x 2\,0 m"
1104-14-2,"Tapete de Couro – Bege – 1,5 x 2,0 Quadriculado (5×5)","PRONTA ENTREGA > Tapetes > Tamanho 1\,50 x 2\,0 m"
1104-01-2,"Tapete de Couro – Preto e Branco – 1,5 x 2,0 m Quadriculado (5×5)","PRONTA ENTREGA > Tapetes > Tamanho 1\,50 x 2\,0 m"
1104-02-2,"Tapete de Couro – Exótico Claro – 1,5 x 2,0 Quadriculado (5×5)","PRONTA ENTREGA > Tapetes > Tamanho 1\,50 x 2\,0 m"
1204-08-2,"Tapete de Couro – Marrom Avermelhado Malhado – 1,5 x 2,0 m Quadriculado (7×7)","PRONTA ENTREGA > Tapetes > Tamanho 1\,50 x 2\,0 m"
1204-18-2,"Tapete de Couro – Preto e Branco – 1,5 x 2,0 m Quadriculado (7×7)","PRONTA ENTREGA > Tapetes > Tamanho 1\,50 x 2\,0 m"
1204-15-2,"Tapete de Couro – Cinza Claro – 1,5 x 2,0 Quadriculado (7×7)","PRONTA ENTREGA > Tapetes > Tamanho 1\,50 x 2\,0 m"
1304-22-2,"Tapete de Couro – Cinza e Bege – 1,5 x 2,0 m Quadriculado (10×10)","PRONTA ENTREGA > Tapetes > Tamanho 1\,50 x 2\,0 m"
1104-12-2,"Tapete de Couro – Branco – 1,5 x 2,0 m Quadriculado (5×5)","PRONTA ENTREGA > Tapetes > Tamanho 1\,50 x 2\,0 m"
1204-10-2,"Tapete de Couro – Champanhe – 1,5 x 2,0 Quadriculado (7×7)","PRONTA ENTREGA > Tapetes > Tamanho 1\,50 x 2\,0 m"
1304-05-2,"Tapete de Couro – Bege Claro  – 1,5 x 2,0 Quadriculado (10×10)","PRONTA ENTREGA > Tapetes > Tamanho 1\,50 x 2\,0 m"
1304-17-2,"Tapete de Couro – Off White  – 1,5 x 2,0 Quadriculado (10×10)","PRONTA ENTREGA > Tapetes > Tamanho 1\,50 x 2\,0 m"
1104-04-2,"Tapete de Couro – Bege Malhado – 1,5 x 2,0 m Quadriculado (5×5)","PRONTA ENTREGA > Tapetes > Tamanho 1\,50 x 2\,0 m"
1104-07-2,"Tapete de Couro – Marrom Avermelhado Malhado – 1,5 x 2,0 Quadriculado (5×5)","PRONTA ENTREGA > Tapetes > Tamanho 1\,50 x 2\,0 m"
1204-06-2,"Tapete de Couro – Preto e Branco Malhado  – 1,5 x 2,0 m Quadriculado (7×7)","PRONTA ENTREGA > Tapetes > Tamanho 1\,50 x 2\,0 m"
1304-01-2,"Tapete de Couro – Preto e Branco  – 1,5 x 2,0 m Quadriculado (10×10)","PRONTA ENTREGA > Tapetes > Tamanho 1\,50 x 2\,0 m"
1304-05-1,"Tapete de Couro – Bege Claro  – 1,5 x 2,0 m Quadriculado (10×10)","PRONTA ENTREGA > Tapetes > Tamanho 1\,50 x 2\,0 m"
1304-20-2,"Tapete de Couro – Exótico Médio – 1,5 x 2,0 m Quadriculado (10×10)","PRONTA ENTREGA > Tapetes > Tamanho 1\,50 x 2\,0 m"
3204-1,"Tapete de Couro Geométrico - Milão - 1,5 x 2,0 m","PRONTA ENTREGA > Tapetes > Tamanho 1\,50 x 2\,0 m"
30304-2,"Tapete de Couro Geométrico 3D - Cinza e Preto - 1,5 x 2,0 m","PRONTA ENTREGA > Tapetes > Tamanho 1\,50 x 2\,0 m"
32304-2,"Tapete de Couro Geometrico Londres - Preto e Champanhe - 1,5 x 2,0 m","PRONTA ENTREGA > Tapetes > Tamanho 1\,50 x 2\,0 m"
1104-39-2,"Tapete de Couro – Tabuleiro Preto e Cinza – 1,5 x 2,0 m Quadriculado (5×5)","PRONTA ENTREGA > Tapetes > Tamanho 1\,50 x 2\,0 m"
30904-2,"Tapete de Couro Geométrico Imperatriz - Marrom e Branco - 1,5 x 2,0 m","PRONTA ENTREGA > Tapetes > Tamanho 1\,50 x 2\,0 m"
1204-17-2,"Tapete de Couro – Off White  – 1,5 x 2,0 m Quadriculado (7×7)","PRONTA ENTREGA > Tapetes > Tamanho 1\,50 x 2\,0 m"
3204-2,"Tapete de Couro Geométrico Milão - 1,5 x 2,0 m","PRONTA ENTREGA > Tapetes > Tamanho 1\,50 x 2\,0 m"
3204-3,"Tapete de Couro Geométrico Milão - 1,5 x 2,0 m","PRONTA ENTREGA > Tapetes > Tamanho 1\,50 x 2\,0 m"
32204-2,"Tapete de Couro Geométrico Texas - Bege Claro e Cinza - 1,5 x 2,0 m","PRONTA ENTREGA > Tapetes > Tamanho 1\,50 x 2\,0 m"
32404-2,"Tapete de Couro Geométrico Imperial - Champanhe - 1,5 x 2,0 m","PRONTA ENTREGA > Tapetes > Tamanho 1\,50 x 2\,0 m"
1304-45-2,"Tapete de Couro Paris - Degradê – 1,5 x 2,0 m Quadriculado (10×10)","PRONTA ENTREGA > Tapetes > Tamanho 1\,50 x 2\,0 m"
32604-2,"Tapete de Couro Imperatriz - Off White e Preto - 1,5 x 2,0 m","PRONTA ENTREGA > Tapetes > Tamanho 1\,50 x 2\,0 m"
31004-2,"Tapete de Couro Imperial - Cinza - 1,5 x 2,0 m","PRONTA ENTREGA > Tapetes > Tamanho 1\,50 x 2\,0 m"
32704-2,"Tapete de Couro Geométrico Colmeia - Cinza Claro - 1,5 x 2,0 m","PRONTA ENTREGA > Tapetes > Tamanho 1\,50 x 2\,0 m"
30804-2,"Tapete de Couro Geométrico Imperatriz - Marrom e Branco - 1,5 x 2,0 m","PRONTA ENTREGA > Tapetes > Tamanho 1\,50 x 2\,0 m"
30504-2,"Tapete de Couro Geométrico Roma - Mix de Bege e Cinza - 1,5 x 2,0 m","PRONTA ENTREGA > Tapetes > Tamanho 1\,50 x 2\,0 m"
1304-11-2,"Tapete de Couro – Exótico Escuro  – 1,5 x 2,0 m Quadriculado (10×10)","PRONTA ENTREGA > Tapetes > Tamanho 1\,50 x 2\,0 m"
1304-03-2,"Tapete de Couro – Champanhe Malhado  – 1,5 x 2,0 m Quadriculado (10×10)","PRONTA ENTREGA > Tapetes > Tamanho 1\,50 x 2\,0 m"
1304-43-2,"Tapete de Couro – Bege Malhado  – 1,5 x 2,0 m Quadriculado (10×10)","PRONTA ENTREGA > Tapetes > Tamanho 1\,50 x 2\,0 m"
1204-02-2,"Tapete de Couro – Exótico Claro  – 1,5 x 2,0 m Quadriculado (7×7)","PRONTA ENTREGA > Tapetes > Tamanho 1\,50 x 2\,0 m"
1304-29-2,"Tapete de Couro – Preto e Branco Malhado  – 1,5 x 2,0 m Quadriculado (10×10)","PRONTA ENTREGA > Tapetes > Tamanho 1\,50 x 2\,0 m"
1205-14-2,"Tapete de Couro - Bege - 2,0 x 2,0 Quadriculado (7x7)","PRONTA ENTREGA > Tapetes > Tamanho 2\,0 x 2\,0 m"
1205-08-2,"Tapete de Couro - Marrom Avermelhado Malhado - 2,0 x 2,0 Quadriculado (7x7)","PRONTA ENTREGA > Tapetes > Tamanho 2\,0 x 2\,0 m"
1105-10-2,"Tapete de Couro - Champanhe - 2,0 x 2,0 Quadriculado (5x5)","PRONTA ENTREGA > Tapetes > Tamanho 2\,0 x 2\,0 m"
1105-15-2,"Tapete de Couro - Cinza Claro - 2,0 x 2,0 Quadriculado (5x5)","PRONTA ENTREGA > Tapetes > Tamanho 2\,0 x 2\,0 m"
1105-12-2,"Tapete de Couro - Branco - 2,0 x 2,0 Quadriculado (5x5)","PRONTA ENTREGA > Tapetes > Tamanho 2\,0 x 2\,0 m"
1105-14-2,"Tapete de Couro - Bege Médio - 2,0 x 2,0 Quadriculado (5x5)","PRONTA ENTREGA > Tapetes > Tamanho 2\,0 x 2\,0 m"
1105-08-2,"Tapete de Couro - Marrom Avermelhado Malhado - 2,0 x 2,0 Quadriculado (5x5)","PRONTA ENTREGA > Tapetes > Tamanho 2\,0 x 2\,0 m"
1306-05-2,"Tapete de Couro - Bege Claro - 2,0 x 2,5m Quadriculado (10x10)","PRONTA ENTREGA > Tapetes > Tamanho 2\,0 x 2\,50 m"
1306-28-2,"Tapete de Couro - Champanhe Escuro - 2,0 x 2,5m Quadriculado (10x10)","PRONTA ENTREGA > Tapetes > Tamanho 2\,0 x 2\,50 m"
1306-04-2,"Tapete de Couro - Bege Malhado - 2,0 x 2,5m Quadriculado (10x10)","PRONTA ENTREGA > Tapetes > Tamanho 2\,0 x 2\,50 m"
1306-13-2,"Tapete de Couro - Caramelo - 2,0 x 2,5m Quadriculado (10x10)","PRONTA ENTREGA > Tapetes > Tamanho 2\,0 x 2\,50 m"
1306-27-2,"Tapete de Couro - Marrom com Cinza - 2,0 x 2,5m Quadriculado (10x10)","PRONTA ENTREGA > Tapetes > Tamanho 2\,0 x 2\,50 m"
1206-03-2,"Tapete de Couro - Champanhe Malhado - 2,0 x 2,5m Quadriculado (7x7)","PRONTA ENTREGA > Tapetes > Tamanho 2\,0 x 2\,50 m"
1206-20-2,"Tapete de Couro - Exótico - 2,0 x 2,5m Quadriculado (7x7)","PRONTA ENTREGA > Tapetes > Tamanho 2\,0 x 2\,50 m"
1206-12-2,"Tapete de Couro - Branco - 2,0 x 2,5m Quadriculado (7x7)","PRONTA ENTREGA > Tapetes > Tamanho 2\,0 x 2\,50 m"
1206-27-2,"Tapete de Couro - Marrom com Cinza - 2,0 x 2,5m Quadriculado (7x7)","PRONTA ENTREGA > Tapetes > Tamanho 2\,0 x 2\,50 m"
1306-25-2,"Tapete de Couro - Tricolor - 2,0 x 2,5m Quadriculado (10x10)","PRONTA ENTREGA > Tapetes > Tamanho 2\,0 x 2\,50 m"
1306-07-2,"Tapete de Couro - Malhado Vermelho - 2,0 x 2,5m Quadriculado (10x10)","PRONTA ENTREGA > Tapetes > Tamanho 2\,0 x 2\,50 m"
1206-15-2,"Tapete de Couro - Cinza - 2,0 x 2,5m Quadriculado (7x7)","PRONTA ENTREGA > Tapetes > Tamanho 2\,0 x 2\,50 m"
1206-05-2,"Tapete de Couro - Bege Claro - 2,0 x 2,5m Quadriculado (7x7)","PRONTA ENTREGA > Tapetes > Tamanho 2\,0 x 2\,50 m"
1206-14-2,"Tapete de Couro - Bege Médio - 2,0 x 2,5m Quadriculado (7x7)","PRONTA ENTREGA > Tapetes > Tamanho 2\,0 x 2\,50 m"
1206-08-2,"Tapete de Couro - Marrom Avermelhado Malhado - 2,0 x 2,5 Quadriculado (7x7)","PRONTA ENTREGA > Tapetes > Tamanho 2\,0 x 2\,50 m"
1206-06-2,"Tapete de Couro - Preto e Branco Malhado - 2,0 x 2,5m Quadriculado (7x7)","PRONTA ENTREGA > Tapetes > Tamanho 2\,0 x 2\,50 m"
1106-12-2,"Tapete de Couro - Branco - 2,0 x 2,5m Quadriculado (5x5)","PRONTA ENTREGA > Tapetes > Tamanho 2\,0 x 2\,50 m"
1106-15-2,"Tapete de Couro - Cinza Claro - 2,0 x 2,5m Quadriculado (5x5)","PRONTA ENTREGA > Tapetes > Tamanho 2\,0 x 2\,50 m"
1106-05-2,"Tapete de Couro - Bege Claro - 2,0 x 2,5m Quadriculado (5x5)","PRONTA ENTREGA > Tapetes > Tamanho 2\,0 x 2\,50 m"
1106-10-2,"Tapete de Couro - Champanhe - 2,0 x 2,5m Quadriculado (5x5)","PRONTA ENTREGA > Tapetes > Tamanho 2\,0 x 2\,50 m"
1306-17-2,"Tapete de Couro - Off White - 2,0 x 2,5m Quadriculado (10x10)","PRONTA ENTREGA > Tapetes > Tamanho 2\,0 x 2\,50 m"
1106-01-2,"Tapete de Couro - Preto e Branco - 2,0 x 2,5m - Quadriculado (5x5)","PRONTA ENTREGA > Tapetes > Tamanho 2\,0 x 2\,50 m"
1106-35-2,"Tapete de Couro - Mix de Marrom, Branco e Cinza - 2,0 x 2,5m - Quadriculado (5x5)","PRONTA ENTREGA > Tapetes > Tamanho 2\,0 x 2\,50 m"
1206-10-2,"Tapete de Couro - Champanhe - 2,0 x 2,5m Quadriculado (7x7)","PRONTA ENTREGA > Tapetes > Tamanho 2\,0 x 2\,50 m"
1206-29-2,"Tapete de Couro - Preto e Branco Malhado - 2,0 x 2,5m Quadriculado (7x7)","PRONTA ENTREGA > Tapetes > Tamanho 2\,0 x 2\,50 m"
1306-08-2,"Tapete de Couro - Marrom Avermelhado Malhado - 2,0 x 2,5m Quadriculado (10x10)","PRONTA ENTREGA > Tapetes > Tamanho 2\,0 x 2\,50 m"
1306-10-2,"Tapete de Couro - Champanhe - 2,0 x 2,5m Quadriculado (10x10)","PRONTA ENTREGA > Tapetes > Tamanho 2\,0 x 2\,50 m"
3205-1,"Tapete de Couro Geométrico Degradê - 2,0 x 2,5 m","PRONTA ENTREGA > Tapetes > Tamanho 2\,0 x 2\,50 m"
1306-01-2,"Tapete de Couro - Preto e Branco - 2,0 x 2,5m Quadriculado (10x10)","PRONTA ENTREGA > Tapetes > Tamanho 2\,0 x 2\,50 m"
1306-15-2,"Tapete de Couro - Cinza Claro - 2,0 x 2,5m Quadriculado (10x10)","PRONTA ENTREGA > Tapetes > Tamanho 2\,0 x 2\,50 m"
1106-08-2,"Tapete de Couro - Marrom Avermelhado Malhado - 2,0 x 2,5m - Quadriculado (5x5)","PRONTA ENTREGA > Tapetes > Tamanho 2\,0 x 2\,50 m"
1106-41-2,"Tapete de Couro - Mix Preto, Branco e Cinza - 2,0 x 2,5m - Quadriculado (5x5)","PRONTA ENTREGA > Tapetes > Tamanho 2\,0 x 2\,50 m"
1306-41-2,"Tapete de Couro - Mix Preto, Branco e Cinza - 2,0 x 2,5m Quadriculado (10x10)","PRONTA ENTREGA > Tapetes > Tamanho 2\,0 x 2\,50 m"
1106-42-2,"Tapete de Couro - Mix de Marrom, Branco e Cinza - 2,0 x 2,5m - Quadriculado (5x5)","PRONTA ENTREGA > Tapetes > Tamanho 2\,0 x 2\,50 m"
1306-35-2,"Tapete de Couro - Mix de Marrom, Branco e Cinza - 2,0 x 2,5m Quadriculado (10x10)","PRONTA ENTREGA > Tapetes > Tamanho 2\,0 x 2\,50 m"
1306-43-2,"Tapete de Couro - Bege Malhado - 2,0 x 2,5m Quadriculado (10x10)","PRONTA ENTREGA > Tapetes > Tamanho 2\,0 x 2\,50 m"
31206-2,"Tapete Geométrico Quadros - Mix - 2,0 x 2,5 m","PRONTA ENTREGA > Tapetes > Tamanho 2\,0 x 2\,50 m"
1306-11-2,"Tapete de Couro - Exótico Escuro - 2,0 x 2,5m Quadriculado (10x10)","PRONTA ENTREGA > Tapetes > Tamanho 2\,0 x 2\,50 m"
1306-02-2,"Tapete de Couro - Exótico Claro - 2,0 x 2,5m Quadriculado (10x10)","PRONTA ENTREGA > Tapetes > Tamanho 2\,0 x 2\,50 m"
1206-02-2,"Tapete de Couro - Exótico Claro - 2,0 x 2,5 Quadriculado (7x7)","PRONTA ENTREGA > Tapetes > Tamanho 2\,0 x 2\,50 m"
32806-2,"Tapete de Couro Geométrico Colmeia - 2,0 x 2,5 m","PRONTA ENTREGA > Tapetes > Tamanho 2\,0 x 2\,50 m"
32906-2,"Tapete de Couro Geométrico Colmeia - 2,0 x 2,5 m","PRONTA ENTREGA > Tapetes > Tamanho 2\,0 x 2\,50 m"
1106-02-2,"Tapete de Couro - Exótico Claro - 2,0 x 2,5m - Quadriculado (5x5)","PRONTA ENTREGA > Tapetes > Tamanho 2\,0 x 2\,50 m"
1307-08-2,"Tapete de Couro - Marrom Avermelhado Malhado - 2,0 x 3,0 Quadriculado (10x10)","OPRONTA ENTREGA > Tapetes > Tamanho 2\,0 x 3\,0 m"
1307-14-2,"Tapete de Couro - Bege - 2,0 x 3,0 Quadriculado (10x10)","OPRONTA ENTREGA > Tapetes > Tamanho 2\,0 x 3\,0 m"
1207-15-2,"Tapete de Couro - Cinza Claro - 2,0 x 3,0 Quadriculado (7x7)","OPRONTA ENTREGA > Tapetes > Tamanho 2\,0 x 3\,0 m"
1307-07-2,"Tapete de Couro - Malhado Vermelho - 2,0 x 3,0 Quadriculado (10x10)","OPRONTA ENTREGA > Tapetes > Tamanho 2\,0 x 3\,0 m"
1307-25-2,"Tapete de Couro - Tricolor - 2,0 x 3,0 Quadriculado (10x10)","OPRONTA ENTREGA > Tapetes > Tamanho 2\,0 x 3\,0 m"
1207-27-2,"Tapete de Couro - Marrom com Cinza - 2,0 x 3,0 Quadriculado (7x7)","OPRONTA ENTREGA > Tapetes > Tamanho 2\,0 x 3\,0 m"
1207-12-2,"Tapete de Couro - Branco - 2,0 x 3,0 Quadriculado (7x7)","OPRONTA ENTREGA > Tapetes > Tamanho 2\,0 x 3\,0 m"
1207-02-2,"Tapete de Couro - Exótico Claro - 2,0 x 3,0 Quadriculado (7x7)","OPRONTA ENTREGA > Tapetes > Tamanho 2\,0 x 3\,0 m"
1207-03-2,"Tapete de Couro - Champanhe Malhado - 2,0 x 3,0 Quadriculado (7x7)","OPRONTA ENTREGA > Tapetes > Tamanho 2\,0 x 3\,0 m"
1307-27-2,"Tapete de Couro - Marrom com Cinza - 2,0 x 3,0 Quadriculado (10x10)","OPRONTA ENTREGA > Tapetes > Tamanho 2\,0 x 3\,0 m"
1307-13-2,"Tapete de Couro - Caramelo - 2,0 x 3,0 Quadriculado (10x10)","OPRONTA ENTREGA > Tapetes > Tamanho 2\,0 x 3\,0 m"
1307-04-2,"Tapete de Couro - Bege Malhado - 2,0 x 3,0 Quadriculado (10x10)","OPRONTA ENTREGA > Tapetes > Tamanho 2\,0 x 3\,0 m"
1307-28-2,"Tapete de Couro - Champanhe Escuro - 2,0 x 3,0 Quadriculado (10x10)","OPRONTA ENTREGA > Tapetes > Tamanho 2\,0 x 3\,0 m"
1307-05-2,"Tapete de Couro - Bege Claro - 2,0 x 3,0 Quadriculado (10x10)","OPRONTA ENTREGA > Tapetes > Tamanho 2\,0 x 3\,0 m"
1107-15-2,"Tapete de Couro - Cinza Claro - 2,0 x 3,0 Quadriculado (5x5)","OPRONTA ENTREGA > Tapetes > Tamanho 2\,0 x 3\,0 m"
1207-08-2,"Tapete de Couro – Marrom Avermelhado Malhado – 2,0 x 3,0 Quadriculado (7×7)","OPRONTA ENTREGA > Tapetes > Tamanho 2\,0 x 3\,0 m"
1107-01-2,"Tapete de Couro - Preto e Branco - 2,0 x 3,0 Quadriculado (5x5)","OPRONTA ENTREGA > Tapetes > Tamanho 2\,0 x 3\,0 m"
1307-10-2,"Tapete de Couro - Champanhe - 2,0 x 3,0 Quadriculado (5x5)","OPRONTA ENTREGA > Tapetes > Tamanho 2\,0 x 3\,0 m"
1307-12-2,"Tapete de Couro - Branco - 2,0 x 3,0 Quadriculado (10x10)","OPRONTA ENTREGA > Tapetes > Tamanho 2\,0 x 3\,0 m"
1107-05-2,"Tapete de Couro - Bege Claro - 2,0 x 3,0 Quadriculado (5x5)","OPRONTA ENTREGA > Tapetes > Tamanho 2\,0 x 3\,0 m"
1307-15-2,"Tapete de Couro - Cinza - 2,0 x 3,0 Quadriculado (10x10)","OPRONTA ENTREGA > Tapetes > Tamanho 2\,0 x 3\,0 m"
1107-08-2,"Tapete de Couro - Marrom Avermelhado Malhado - 2,0 x 3,0 Quadriculado (5x5)","OPRONTA ENTREGA > Tapetes > Tamanho 2\,0 x 3\,0 m"
1107-12-2,"Tapete de Couro - Branco - 2,0 x 3,0 Quadriculado (5x5)","OPRONTA ENTREGA > Tapetes > Tamanho 2\,0 x 3\,0 m"
1307-43-2,"Tapete de Couro - Bege Malhado - 2,0 x 3,0 Quadriculado (10x10)","OPRONTA ENTREGA > Tapetes > Tamanho 2\,0 x 3\,0 m"
1307-44-2,"Tapete de Couro - Tricolor - 2,0 x 3,0 Quadriculado (10x10)","OPRONTA ENTREGA > Tapetes > Tamanho 2\,0 x 3\,0 m"
1207-05-2,"Tapete de Couro – Bege Claro – 2,0 x 3,0 Quadriculado (7×7)","OPRONTA ENTREGA > Tapetes > Tamanho 2\,0 x 3\,0 m"
1107-14-2,"Tapete de Couro - Bege Médio - 2,0 x 3,0 Quadriculado (5x5)","OPRONTA ENTREGA > Tapetes > Tamanho 2\,0 x 3\,0 m"
1101-05-2,Tapete de Couro - Bege Claro - 40 x 60cm Quadriculado (5x5),PRONTA ENTREGA > Tapetes > Capacho 40 x 60 cm
1101-10-2,Tapete de Couro - Champanhe - 40 x 60cm Quadriculado (5x5),PRONTA ENTREGA > Tapetes > Capacho 40 x 60 cm
1101-07-2,Tapete de Couro - Marrom Avermelhado Malhado - 40 x 60cm Quadriculado (5x5),PRONTA ENTREGA > Tapetes > Capacho 40 x 60 cm
1101-01-2,Tapete de Couro - Preto e Branco - 40 x 60cm Quadriculado (5x5),PRONTA ENTREGA > Tapetes > Capacho 40 x 60 cm
1101-15-2,Tapete de Couro - Cinza Claro - 40 x 60cm Quadriculado (5x5),PRONTA ENTREGA > Tapetes > Capacho 40 x 60 cm
1101-21-2,Tapete de Couro - Cinza Escuro - 40 x 60cm Quadriculado (5x5),PRONTA ENTREGA > Tapetes > Capacho 40 x 60 cm
1101-02-2,Tapete de Couro - Exótico Claro - 40 x 60cm Quadriculado (5x5),PRONTA ENTREGA > Tapetes > Capacho 40 x 60 cm
1101-14-2,Tapete de Couro - Bege - 40 x 60cm Quadriculado (5x5),PRONTA ENTREGA > Tapetes > Capacho 40 x 60 cm
1201-15-2,Tapete de Couro - Cinza Claro- 40 x 60cm Quadriculado (5x7),PRONTA ENTREGA > Tapetes > Capacho 40 x 60 cm
1201-21-2,Tapete de Couro - Cinza Escuro - 40 x 60cm Quadriculado (5x7),PRONTA ENTREGA > Tapetes > Capacho 40 x 60 cm
1101-12-2,Tapete de Couro - Branco - 40 x 60cm Quadriculado (5x5),PRONTA ENTREGA > Tapetes > Capacho 40 x 60 cm
1101-29-2,Tapete de Couro - Malhado Preto e Branco - 40 x 60cm Quadriculado (5x5),PRONTA ENTREGA > Tapetes > Capacho 40 x 60 cm
1101-08-2,Tapete de Couro - Marrom Avermelhado Malhado - 40 x 60cm Quadriculado (5x5),PRONTA ENTREGA > Tapetes > Capacho 40 x 60 cm